{
  "Author": "_Play_",
  "Compatibility": "Compatible",
  "DefuserDifficulty": "VeryEasy",
  "Description": "Submit a word from an inside joke phrase using the buttons with Bengo group's profile pictures on them. Tags: display,4-buttons,sierra,play,kuro,goodhood",
  "ExpertDifficulty": "Easy",
  "ModuleID": "bengoTalk",
  "Name": "Bengo Talk",
  "Origin": "Mods",
  "Published": "2024-05-28",
  "SortKey": "BENGOTALK",
  "SourceUrl": "https://github.com/llPlayll/KTANE-Bengo-Talk",
  "SteamID": "3255886664",
  "Symbol": "Bgt",
  "Type": "Regular"
}